{
  "pc1_rho": NaN,
  "pc1_p": NaN,
  "max_component_rho": NaN,
  "all_component_rhos": [
    NaN,
    NaN,
    NaN,
    NaN,
    NaN
  ],
  "shuffle_rmse": 26.290815353393555,
  "explained_variance": [
    0.16873808205127716,
    0.1275031417608261,
    0.09278789162635803,
    0.07930198311805725,
    0.0459456704556942
  ]
}