{
  "supervised_lstm": {
    "1.0": {
      "mean": 17.362011909484863,
      "std": 1.2403931120178542,
      "all": [
        17.7517032623291,
        15.798935890197754,
        19.090070724487305,
        18.074066162109375,
        16.09528350830078
      ]
    },
    "0.5": {
      "mean": 18.295430755615236,
      "std": 0.7491158562957977,
      "all": [
        17.68528938293457,
        17.85914421081543,
        18.778257369995117,
        19.53934097290039,
        17.615121841430664
      ]
    },
    "0.2": {
      "mean": 18.552872467041016,
      "std": 0.8052891086390653,
      "all": [
        18.24712371826172,
        19.072572708129883,
        19.748428344726562,
        17.370534896850586,
        18.325702667236328
      ]
    },
    "0.1": {
      "mean": 31.217783737182618,
      "std": 10.928761690976824,
      "all": [
        20.587867736816406,
        22.632083892822266,
        45.00714111328125,
        44.07022476196289,
        23.791601181030273
      ]
    },
    "0.05": {
      "mean": 33.07806739807129,
      "std": 9.640722010855466,
      "all": [
        27.621150970458984,
        26.022167205810547,
        45.16037368774414,
        44.22673797607422,
        22.359907150268555
      ]
    }
  },
  "jepa_frozen": {
    "1.0": {
      "mean": 20.806950759887695,
      "std": 0.23390334742733038,
      "all": [
        20.655183792114258,
        20.528833389282227,
        20.692577362060547,
        21.15648078918457,
        21.001678466796875
      ]
    },
    "0.5": {
      "mean": 20.667044830322265,
      "std": 0.19576228974635124,
      "all": [
        21.023517608642578,
        20.702430725097656,
        20.525789260864258,
        20.618993759155273,
        20.464492797851562
      ]
    },
    "0.2": {
      "mean": 20.79101448059082,
      "std": 0.2619457804851713,
      "all": [
        21.041221618652344,
        20.787996292114258,
        20.477785110473633,
        21.124177932739258,
        20.52389144897461
      ]
    },
    "0.1": {
      "mean": 22.673745346069335,
      "std": 1.379525368849193,
      "all": [
        23.10692596435547,
        24.992589950561523,
        21.013442993164062,
        21.580968856811523,
        22.6747989654541
      ]
    },
    "0.05": {
      "mean": 22.00239677429199,
      "std": 1.433629668312169,
      "all": [
        23.393266677856445,
        20.894418716430664,
        20.75265884399414,
        24.08035659790039,
        20.89128303527832
      ]
    }
  },
  "jepa_e2e": {
    "1.0": {
      "mean": 15.363908576965333,
      "std": 0.7834870173950834,
      "all": [
        15.61782169342041,
        15.420269012451172,
        14.38497257232666,
        14.744368553161621,
        16.652111053466797
      ]
    },
    "0.5": {
      "mean": 16.504108810424803,
      "std": 1.2274077959580445,
      "all": [
        18.133203506469727,
        16.32736587524414,
        17.682098388671875,
        15.204015731811523,
        15.173860549926758
      ]
    },
    "0.2": {
      "mean": 16.591124534606934,
      "std": 1.1021990005113782,
      "all": [
        17.685108184814453,
        17.68155860900879,
        15.998983383178711,
        14.777621269226074,
        16.81235122680664
      ]
    },
    "0.1": {
      "mean": 25.88929443359375,
      "std": 3.5771005169394243,
      "all": [
        28.287925720214844,
        31.228723526000977,
        25.635927200317383,
        21.24118995666504,
        23.052705764770508
      ]
    },
    "0.05": {
      "mean": 23.95322952270508,
      "std": 1.874192116687481,
      "all": [
        22.954185485839844,
        23.670560836791992,
        27.594133377075195,
        23.245819091796875,
        22.301448822021484
      ]
    }
  }
}