{
  "our_results": {
    "simclr": {
      "Bearing1_3": 0.11002189666032791,
      "Bearing1_4": 0.045712441205978394,
      "Bearing1_5": 0.012603442184627056,
      "Bearing1_6": 0.08664890378713608,
      "Bearing1_7": 0.012485936284065247,
      "Bearing2_3": 0.2727808356285095,
      "Bearing2_4": 0.13218678534030914,
      "Bearing2_5": 0.0511525496840477,
      "Bearing2_6": 0.330464243888855,
      "Bearing2_7": 0.010200727730989456,
      "Bearing3_3": 0.008385294117033482
    },
    "supcon": {
      "Bearing1_3": 0.1052120104432106,
      "Bearing1_4": 0.030381040647625923,
      "Bearing1_5": 0.011363953351974487,
      "Bearing1_6": 0.0706561803817749,
      "Bearing1_7": 0.016324078664183617,
      "Bearing2_3": 0.27555766701698303,
      "Bearing2_4": 0.4253477454185486,
      "Bearing2_5": 0.07696925848722458,
      "Bearing2_6": 0.3303352892398834,
      "Bearing2_7": 0.013497290201485157,
      "Bearing3_3": 0.027280345559120178
    }
  },
  "paper_results": {
    "simclr": {
      "Bearing1_3": 0.003,
      "Bearing1_4": 0.056,
      "Bearing1_5": 0.0006,
      "Bearing1_6": 0.0904,
      "Bearing1_7": 0.0021,
      "Bearing2_3": 0.1849,
      "Bearing2_4": 0.2577,
      "Bearing2_5": 0.2782,
      "Bearing2_6": 0.0013,
      "Bearing2_7": 0.0089,
      "Bearing3_3": 0.0341,
      "avg": 0.0583
    },
    "supcon": {
      "Bearing1_3": 0.0213,
      "Bearing1_4": 0.0576,
      "Bearing1_5": 0.0046,
      "Bearing1_6": 0.0735,
      "Bearing1_7": 0.0038,
      "Bearing2_3": 0.015,
      "Bearing2_4": 0.0017,
      "Bearing2_5": 0.2752,
      "Bearing2_6": 0.0014,
      "Bearing2_7": 0.0117,
      "Bearing3_3": 0.0619,
      "avg": 0.048
    },
    "dcssl": {
      "Bearing1_3": 0.0011,
      "Bearing1_4": 0.0476,
      "Bearing1_5": 0.0005,
      "Bearing1_6": 0.0892,
      "Bearing1_7": 0.0009,
      "Bearing2_3": 0.0027,
      "Bearing2_4": 0.0014,
      "Bearing2_5": 0.2538,
      "Bearing2_6": 0.0012,
      "Bearing2_7": 0.0075,
      "Bearing3_3": 0.0068,
      "avg": 0.0375
    }
  },
  "trivial_baseline": {
    "Bearing1_3": 0.0933,
    "Bearing1_4": 0.0655,
    "Bearing1_5": 0.007,
    "Bearing1_6": 0.0834,
    "Bearing1_7": 0.0086,
    "Bearing2_3": 0.1013,
    "Bearing2_4": 0.1027,
    "Bearing2_5": 0.0834,
    "Bearing2_6": 0.0068,
    "Bearing2_7": 0.0121,
    "Bearing3_3": 0.0716
  }
}