{
  "dataset": "PSM",
  "n_seeds": 1,
  "aggregate": {
    "f1_mean": 46.666666666666664,
    "f1_std": 0.0,
    "auc_mean": 52.77306168647426,
    "auc_std": 0.0,
    "precision_mean": 35.59322033898305,
    "precision_std": 0.0,
    "recall_mean": 67.74193548387096,
    "recall_std": 0.0,
    "f1_gap_pct": 24.25472055402262,
    "f1_status": "MARGINAL",
    "auc_gap_pct": 32.21186681249292,
    "auc_status": "FAILED"
  },
  "paper_targets": {
    "f1": 61.61,
    "auc": 77.85,
    "precision": 60.27,
    "recall": 63.03
  },
  "per_seed": [
    {
      "dataset": "PSM",
      "seed": 42,
      "n_params": 782228,
      "pretrain": {
        "best_epoch": 29,
        "val_loss": -0.16253504157066345,
        "wall_time_seconds": 44.782891511917114,
        "codebook_utilization": 0.5701013513513513,
        "codebook_perplexity": 17.792727857022673
      },
      "downstream": {
        "f1": 46.666666666666664,
        "auc": 52.77306168647426,
        "precision": 35.59322033898305,
        "recall": 67.74193548387096,
        "threshold": 0.01,
        "n_test": 176,
        "n_anomalous": 62,
        "anomaly_rate": 0.3522727272727273,
        "val_f1": 52.63157894736842
      },
      "wall_time": 48.716108083724976
    }
  ]
}