{
  "probe": "227_5seed_lr_rf_validation",
  "n_seeds": 5,
  "lr_mean": 0.8225110473766201,
  "lr_std": 0.0,
  "lr_seeds": [
    0.8225110473766201,
    0.8225110473766201,
    0.8225110473766201,
    0.8225110473766201,
    0.8225110473766201
  ],
  "ensemble_mean": 0.8248449167499224,
  "ensemble_std": 0.0007367125273524709,
  "ensemble_seeds": [
    0.8242461554786071,
    0.8237404760895954,
    0.8253317888465992,
    0.825171435670325,
    0.825734727664486
  ]
}