{
  "probe": "209_adaptive_bins",
  "results": {
    "uniform_60bin_baseline": {
      "mean": 0.819717351075591,
      "std": 0.01227809962865496
    },
    "adaptive_70bin": {
      "mean": 0.8203249530238882,
      "std": 0.019687441145560914
    },
    "base60_plus_adaptive70": {
      "mean": 0.8186793688366045,
      "std": 0.018384693903354263
    },
    "combined_120feat": {
      "mean": 0.8227307763037436,
      "std": 0.013625720599400183
    },
    "adaptive_plus_maxvar": {
      "mean": 0.8219577415773992,
      "std": 0.0204723663211598
    }
  }
}