{
  "transformer_vs_lstm": {
    "t": 3.714551262923038,
    "p_two_sided": 0.046639369092195224,
    "p_one_sided": 0.023319684546097612,
    "cohen_d": 3.5342150235581147,
    "transformer_mean": 0.6238250000519336,
    "transformer_std": 0.007541415450368501,
    "lstm_mean": 0.5805289135677828,
    "lstm_std": 0.01559740758037171
  },
  "transformer_vs_cnn": {
    "t": 7.519878860399606,
    "p_two_sided": 0.002790478872681646,
    "p_one_sided": 0.001395239436340823,
    "cohen_d": 6.676172291536598,
    "transformer_mean": 0.6238250000519336,
    "transformer_std": 0.007541415450368501,
    "cnn_mean": 0.5691257013646099,
    "cnn_std": 0.008796847002654873
  },
  "lstm_vs_cnn": {
    "t": 0.9005697286606684,
    "p_two_sided": 0.4312061251664131,
    "p_one_sided": 0.21560306258320655,
    "cohen_d": 0.9005697286606684,
    "lstm_mean": 0.5805289135677828,
    "lstm_std": 0.01559740758037171,
    "cnn_mean": 0.5691257013646099,
    "cnn_std": 0.008796847002654873
  }
}