{
  "probe": "39_auprc",
  "test_ap_rate": 0.0770485120260905,
  "random_auprc": 0.07729770660566107,
  "lr_auroc": 0.6062085698913339,
  "lr_auprc": 0.09710544816750472,
  "oracle_auroc": 0.7471857128315706,
  "oracle_auprc": 0.5220530677098543,
  "lr_lift_over_random": 1.2562526423053408
}