{
  "probe": "225_autocorrelation",
  "base_60": 0.8196992434407264,
  "autocorr_lag10": 0.584099742756919,
  "base_plus_autocorr": 0.8144736365936787
}