{
  "probe": "183_bootstrap_extended",
  "auroc_20bin": 0.771794887149607,
  "auroc_60bin": 0.8122328448838559,
  "delta": 0.040437957734248964,
  "ci_low": 0.03128677884978107,
  "ci_high": 0.050173213201057144,
  "p_val_delta_le_0": 0.0,
  "significant": true,
  "n_bootstrap": 5000,
  "lr_20bin_ci": [
    0.7546926870273627,
    0.7883727865919313
  ],
  "lr_60bin_ci": [
    0.7944349572196113,
    0.8297607870274949
  ]
}