{
  "probe": "220_calibration_analysis",
  "lr_auroc": 0.8279438282463255,
  "ensemble_auroc": 0.8198271864810959,
  "lr_ap": 0.11669212891610545,
  "ensemble_ap": 0.11939486727430065,
  "lr_brier": 0.024152934625755625,
  "ensemble_brier": 0.024088719339295645,
  "n_val": 7341,
  "pos_val": 190
}