{
  "lr_auroc": 0.6338609277851524,
  "lr_auprc": 0.12503784981097843,
  "lr_brier": 0.070017775259544,
  "lr_bss": 0.01538788057914664,
  "lr_ece": 0.005041951317892465,
  "oracle_auroc": 0.7471857128315706,
  "oracle_auprc": 0.5220530677098543,
  "ap_rate": 0.07704851031303406,
  "score_sep_ratio": 1.1575280752862807
}