{
  "probe": "212_channel_diff_var",
  "base_60": 0.8170065767594414,
  "base_60_std": 0.01359962085800844,
  "diffvar_60": 0.7913385254397761,
  "diffvar_std": 0.01837949720250642,
  "maxmean_60": 0.7929613331737857,
  "maxmean_std": 0.02932290097362614,
  "base_plus_diff_120": 0.8183499862992154,
  "base_plus_diff_std": 0.013998821262233339,
  "base_maxvar_diff_180": 0.8286849087325745,
  "base_maxvar_diff_std": 0.018435324169994036,
  "all4_240": 0.8330050139728581,
  "all4_std": 0.01827592656675223,
  "ensemble_base_maxvar_ref": 0.8328981856779155,
  "ensemble_base_maxvar_diff": 0.8349389734385204
}