{
  "probe": "121_corrected_comparison",
  "contamination_rate": 0.6649029850959778,
  "standard_ap": {
    "lr_auroc": 0.6338609277851524,
    "oracle_auroc": 0.7471857128315706,
    "a2p_auroc": 0.528
  },
  "strict_ap": {
    "lr_auroc": 0.7030045398605504,
    "lr_ci": [
      0.6878825099383223,
      0.71789664824754
    ],
    "oracle_auroc": 0.6483005674055872,
    "oracle_ci": [
      0.6349420864344081,
      0.6615989687418847
    ],
    "p_value": 0.0
  },
  "strict_ap_cv": {
    "lr_mean": 0.7588819392595599,
    "lr_std": 0.014593752068997866,
    "rf_mean": 0.7910352171706603,
    "rf_std": 0.012929474607803557,
    "oracle_mean": 0.6481892905450246
  },
  "contamination_swing": 0.16802875750138158
}