{
  "probe": "135b_cv_20bin",
  "lr_20bin_cv": {
    "mean": 0.7909794303023479,
    "std": 0.020276201345429106,
    "per_fold": [
      0.8175212267603572,
      0.8085987793662737,
      0.781556999161777,
      0.7868112461147216,
      0.7604089001086095
    ]
  },
  "rf_20bin_cv": {
    "mean": 0.7689442103927565,
    "std": 0.031411766996706544,
    "per_fold": [
      0.8001335821987996,
      0.7919342028258507,
      0.7812377759150599,
      0.7588564162596376,
      0.7125590747644348
    ]
  },
  "oracle_cv": {
    "mean": 0.6294023860624633,
    "std": 0.01536237419306668
  },
  "ref_probe120b": {
    "lr4": 0.759,
    "rf4": 0.791,
    "oracle": 0.648
  }
}