{
  "probe": "134_cv_refined",
  "lr_cv": {
    "mean": 0.7508395519542865,
    "std": 0.026079926228344104,
    "per_fold": [
      0.7890145415507734,
      0.7661096480227405,
      0.7441743503772004,
      0.7443567593751261,
      0.7105424604455927
    ]
  },
  "rf_cv": {
    "mean": 0.7708176862241156,
    "std": 0.0363994802243679,
    "per_fold": [
      0.8025932635534085,
      0.8014502863472954,
      0.7751540234702431,
      0.7723047773785976,
      0.7025860803710335
    ]
  },
  "oracle_cv": {
    "mean": 0.6294023860624633,
    "std": 0.01536237419306668,
    "per_fold": [
      0.6301578587810472,
      0.6462006730206504,
      0.6424958088851636,
      0.6253968534291365,
      0.602760736196319
    ]
  },
  "probe120b_reference": {
    "lr": 0.759,
    "lr_std": 0.015,
    "rf": 0.791,
    "rf_std": 0.013,
    "oracle": 0.648
  }
}