{
  "lr_C0.01": {
    "val": 0.6232430598932248,
    "test": 0.618193829030107
  },
  "lr_C0.1": {
    "val": 0.6159099848558061,
    "test": 0.5978539956749614
  },
  "gbm": {
    "val": 0.6753216668041626,
    "test": 0.6160396191805693
  },
  "n_features": 25,
  "n_sequences": 36794
}