{
  "probe": "221_histgbm",
  "hgb_100_d4": 0.8113194090414139,
  "hgb_200_d4": 0.8109727703859517,
  "hgb_200_d6": 0.8120110089560931,
  "lr_hgb_ensemble": 0.826324625320157,
  "ref_lr_rf_ensemble": 0.8276
}