{
  "near (0-50)": {
    "lr": 0.6455750788504819,
    "oracle": 0.7209006812284204,
    "ap_rate": 0.0948210209608078
  },
  "medium-near (25-75)": {
    "lr": 0.5172159383906907,
    "oracle": 0.7208716999404511,
    "ap_rate": 0.0948210209608078
  },
  "A2P default (100-150)": {
    "lr": 0.6237681860061025,
    "oracle": 0.7209006942000843,
    "ap_rate": 0.0948210209608078
  },
  "medium-far (150-200)": {
    "lr": 0.5457551241164134,
    "oracle": 0.7208522233080112,
    "ap_rate": 0.0948210209608078
  },
  "far (200-250)": {
    "lr": 0.5812751999859523,
    "oracle": 0.720918551639605,
    "ap_rate": 0.0948210209608078
  }
}