{
  "probe": "196_lead_time",
  "results": {
    "pred_50": {
      "mean": 0.6689780809584372,
      "std": 0.030186623114127537,
      "n": 33228,
      "pos_rate": 0.07042253521126761,
      "n_folds": 5
    },
    "pred_100": {
      "mean": 0.654796354559387,
      "std": 0.035118180077924305,
      "n": 33218,
      "pos_rate": 0.10494310313685351,
      "n_folds": 5
    },
    "pred_150": {
      "mean": 0.639292392801799,
      "std": 0.03994687667554367,
      "n": 33208,
      "pos_rate": 0.1048542519874729,
      "n_folds": 5
    },
    "pred_200": {
      "mean": 0.6334120286907461,
      "std": 0.041545716972777334,
      "n": 33198,
      "pos_rate": 0.10280739803602627,
      "n_folds": 5
    },
    "pred_300": {
      "mean": 0.6425150648983432,
      "std": 0.04160865298493559,
      "n": 33178,
      "pos_rate": 0.09693170173006209,
      "n_folds": 5
    }
  }
}