{
  "probe": "219_lr_regularization_120feat",
  "c_sweep": {
    "0.1": 0.8224887455353992,
    "0.5": 0.8228765202965107,
    "1.0": 0.8225110473766201,
    "5.0": 0.8220011506338702,
    "10.0": 0.8219528583066877
  },
  "elasticnet_l1_05": 0.8228660697554396,
  "elasticnet_l1_09": 0.8230412368836534,
  "l1_only": 0.8229991256107505
}