{
  "probe": "216_mlp_binned",
  "mlp_64_30epochs": 0.8256376593701619,
  "mlp_64_std": 0.013089247400233617,
  "mlp_128_50epochs": 0.8217061905068697,
  "mlp_128_std": 0.01359795568683263,
  "ref_lr_120feat": 0.8227,
  "ref_ensemble": 0.8276
}