{
  "probe": "63_optimal_lr",
  "8feat_ref": 0.5936038995044008,
  "6feat_drop_ac1": 0.5950675089670017,
  "4feat_drop_ac1_var100": 0.6314709631621388,
  "2feat_var50": 0.5299798158586971,
  "best_delta": 0.037867063657737954
}