{
  "probe": "35_oracle_analysis",
  "lr_auroc": 0.592948684286715,
  "oracle_auroc": 0.7444622492012669,
  "lr_fraction_of_learnable_pct": 38.021692343258245,
  "lr_oracle_correlation_pearson": 0.1342420212535094,
  "lr_oracle_correlation_spearman": 0.37049238269590806,
  "per_feature_aurocs": {
    "var_full_0": 0.59866903640845,
    "var_full_1": 0.563011012070058,
    "var_50_0": 0.5658443168802536,
    "var_50_1": 0.5334189939542366,
    "var_25_0": 0.5115069560256238,
    "var_25_1": 0.5423550828688241,
    "ac1_0": 0.5595375454728112,
    "ac1_1": 0.5283676627106648
  }
}