{
  "probe": "70_pr_analysis",
  "positive_rate": 0.07704851031303406,
  "random_precision": 0.07704851031303406,
  "lr_4feat": {
    "auroc": 0.62982334232825,
    "auprc": 0.1222764831954708,
    "pr_at_recalls": {
      "0.25": {
        "precision": 0.0971937029431896,
        "recall": 0.25044091710758376,
        "threshold": 0.10656926282050329
      },
      "0.5": {
        "precision": 0.1062874251497006,
        "recall": 0.5008818342151675,
        "threshold": 0.08865213651665158
      },
      "0.75": {
        "precision": 0.1028308734575369,
        "recall": 0.7495590828924162,
        "threshold": 0.07728297490081336
      }
    }
  },
  "oracle": {
    "auroc": 0.7216998990408885,
    "auprc": 0.4782612029059,
    "pr_at_recalls": {
      "0.25": {
        "precision": 1.0,
        "recall": 0.25044091710758376,
        "threshold": 0.2319304347038269
      },
      "0.5": {
        "precision": 0.1933287950987066,
        "recall": 0.5008818342151675,
        "threshold": 0.06173684075474739
      },
      "0.75": {
        "precision": 0.11785912368275098,
        "recall": 0.7495590828924162,
        "threshold": 0.023321757093071938
      }
    }
  }
}