{
  "probe": "133_refined_calm",
  "best_auroc_strict": 0.7345077173951999,
  "best_C": 1.0,
  "references": {
    "baseline_lr4": 0.703,
    "mechanistic_lr": 0.707,
    "tf_3seed": 0.723,
    "oracle": 0.603
  },
  "feature_coefs": {
    "var_full": -0.11807969355195214,
    "calm_mean": -1.1221150965490494,
    "calm_ch0": -1.0857098673369605,
    "calm_ch1": 0.7682083267078144,
    "calm_min": -0.3552931261411993,
    "calm_max": -0.2390856413500684,
    "calm_range": -0.2356906149950671,
    "prior_mean": -0.21285243899856743,
    "prior/calm": -0.03280825377036045,
    "onset_ch0": -0.07648379243103144,
    "onset_ch1": -0.10012722837982546,
    "calm/onset": -0.8862413372572352,
    "calm_ac1": 0.2911044298792615
  }
}