{
  "lr_auroc": 0.7345077173951999,
  "lr_ci": [
    0.7142388431071991,
    0.7534732722363029
  ],
  "tf_mean": 0.723,
  "tf_std": 0.0047,
  "ci_overlap": true
}