{
  "probe": "182_rf_60bin",
  "mean": 0.7903263842007944,
  "std": 0.0238880610933638,
  "rf_20bin_ref": 0.744,
  "lr_60bin_ref": 0.82
}