{
  "probe": "135_rf_features",
  "lr_4feat": 0.6973791021061561,
  "rf_4feat": 0.6751064725769649,
  "rf_20bin": 0.7271077986309389,
  "gb_20bin": 0.7307556417026054,
  "bin_importances": {
    "bin0[0-10]": 0.04560726521656301,
    "bin1[10-20]": 0.06295111197439192,
    "bin2[20-30]": 0.0732595419298157,
    "bin3[30-40]": 0.06458593423518794,
    "bin4[40-50]": 0.039828560533128506,
    "bin5[50-60]": 0.02815938288017992,
    "bin6[60-70]": 0.017749458264545794,
    "bin7[70-80]": 0.0211967201872109,
    "bin8[80-90]": 0.025761356799751767,
    "bin9[90-100]": 0.047686784908810585,
    "bin10[100-110]": 0.021711317119227018,
    "bin11[110-120]": 0.02045046749015719,
    "bin12[120-130]": 0.025842599348258933,
    "bin13[130-140]": 0.10780320934390222,
    "bin14[140-150]": 0.12263359643333768,
    "bin15[150-160]": 0.14561263769194788,
    "bin16[160-170]": 0.03930244406198304,
    "bin17[170-180]": 0.023286489689126232,
    "bin18[180-190]": 0.021033867691275132,
    "bin19[190-200]": 0.04553725420119859
  },
  "top5_bins": [
    15,
    14,
    13,
    2,
    3
  ]
}