{
  "lr_results": {
    "C=0.01": {
      "test_auroc": 0.6738830327436431
    },
    "C=0.1": {
      "test_auroc": 0.6685325520689225
    },
    "C=1.0": {
      "test_auroc": 0.6696349865634538
    }
  },
  "top_channels": [
    24,
    11,
    12,
    34,
    35
  ],
  "top_channel_aurocs": {
    "24": 0.6186796786588257,
    "11": 0.6068948792494131,
    "12": 0.6027684309673893,
    "34": 0.6010459967182752,
    "35": 0.5963967322724841
  }
}