{
  "transformer_30ep_seeds": [
    0.5359,
    0.5248,
    0.5166,
    0.6345,
    0.5222,
    0.4921,
    0.4945,
    0.5187,
    0.4899,
    0.4814
  ],
  "transformer_mean": 0.5210600000000001,
  "transformer_std": 0.041494076685715024,
  "transformer_median": 0.5176499999999999,
  "transformer_ci95": [
    0.4897712924031309,
    0.5523487075968693
  ],
  "lr_auroc_full": 0.5929,
  "lr_auroc_small": 0.6062,
  "oracle_auroc": 0.7445,
  "pct_learnable_transformer_mean": 8.613496932515368,
  "pct_learnable_transformer_median": 7.218813905930446,
  "pct_learnable_lr_full": 37.995910020449884,
  "ttest_vs_random": {
    "t": 1.522626963808329,
    "p": 0.16218274799581978,
    "one_sided_p": 0.08109137399790989
  },
  "ttest_vs_lr": {
    "t": -5.193994353275869,
    "p": 0.0005686024201544924
  },
  "cohen_d_vs_random": 0.507542321269443,
  "lr_sigmas_above_transformer_mean": 1.7313314510919562
}