{
  "probe": "139_std_ap_cv",
  "lr20_cv": {
    "mean": 0.6438115858150908,
    "std": 0.021783128676172322,
    "folds": [
      0.659770434381358,
      0.6585875930084093,
      0.6012248294670612,
      0.6469408730575897,
      0.6525341991610356
    ]
  },
  "lr4_cv": {
    "mean": 0.6149897892672933,
    "std": 0.026208767820632924
  },
  "rf4_cv": {
    "mean": 0.6194263915704491,
    "std": 0.022567008043203884
  },
  "strict_ap_reference": {
    "lr20": 0.791,
    "lr4": 0.759,
    "rf4": 0.791
  }
}