{
  "probe": "174_tf_extended_context",
  "seq_len": 600,
  "seeds": [
    0.5235252947763652,
    0.46889488056242556,
    0.5434322059272656
  ],
  "mean": 0.5119507937553521,
  "std": 0.03151116229264461,
  "tf_200_ref": 0.723,
  "lr_600_ref": 0.82,
  "delta_vs_tf_200": -0.21104920624464785
}