{
  "probe": "218_triple_ensemble",
  "lr_rf_ref": 0.824158175813103,
  "lr_mlp": 0.8299478694844685,
  "triple_lr_rf_mlp": 0.8318964674081701,
  "folds_lr_rf": [
    0.8192582400782732,
    0.8509408559903608,
    0.8202941176470587,
    0.809367159044921,
    0.8209305063049013
  ],
  "folds_triple": [
    0.8191683483152937,
    0.8587296348682486,
    0.817141456582633,
    0.823940712262242,
    0.8405021850124333
  ]
}