{
  "probe": "195_zone_coef_stability",
  "mean_coefs": [
    0.06382351902135922,
    0.103203080806251,
    0.1054965867264522,
    0.10452863047612862,
    0.10640053655149954,
    0.18230753606496547,
    0.1178306140454023,
    0.11340839203281003,
    0.11177371570016437,
    0.12153288737726198,
    0.10293158598402234,
    0.11445536760781165,
    0.10493357246206836,
    0.09431797790822342,
    0.05611627635131411,
    -0.006106433629022498,
    -0.16971762480117586,
    -0.14701119550700906,
    -0.1251773291885238,
    -0.17346978101154026,
    -0.2462433238005796,
    -0.21686321863445795,
    -0.2628071221620788,
    -0.38886750273823634,
    -0.5019448305560702,
    -0.5461951383897922,
    -0.5887494612600231,
    -0.5379765525463147,
    -0.4300387718683031,
    -0.3073795640380633,
    -0.2219785608850493,
    -0.16758238532924535,
    -0.14524998970465738,
    -0.10772036456049419,
    -0.10449388619970665,
    -0.05432849688676261,
    0.031234530479524476,
    0.1161034902682021,
    0.10140961064796934,
    0.0774669698492287,
    0.0887038446372049,
    -0.04279200592287873,
    -0.059662573571762766,
    -0.044511377320996456,
    -0.08295935001913918,
    -0.17593688165461985,
    -0.2526597000953342,
    -0.3166578547952516,
    -0.400323596689472,
    -0.4218178639727704,
    -0.6571589244057494,
    -1.1520395545896278,
    -1.4252553077988395,
    -1.53458643020004,
    -1.8995824923247178,
    -1.298778940643611,
    -0.5815074774773826,
    -0.2349841809755988,
    -0.12209462136553628,
    -0.009295199172083556
  ],
  "std_coefs": [
    0.007874942868378561,
    0.017320875062718535,
    0.03472456683371966,
    0.037182388675274194,
    0.018258259328877233,
    0.03179134271710497,
    0.03471773694312056,
    0.04403678029839109,
    0.029217596295824936,
    0.022120118255561653,
    0.01746815225857274,
    0.021976009389548655,
    0.026599958315636843,
    0.024070806607895914,
    0.03226109794396461,
    0.05413987068657011,
    0.03923617794090144,
    0.04795543881397214,
    0.05462136098170607,
    0.038725232114337774,
    0.01940534235793451,
    0.026263829702874716,
    0.02042261125461555,
    0.04610059006737569,
    0.06384767224055128,
    0.06322868449252764,
    0.06595587150184015,
    0.06176617033312453,
    0.0538111817950467,
    0.05284304442138672,
    0.06451269395387839,
    0.03533165265931368,
    0.04441784856828079,
    0.034821422688139654,
    0.02394981196996817,
    0.02751692562490516,
    0.02491069268928972,
    0.02810361435139798,
    0.04821547937958321,
    0.04992531429921575,
    0.025264490404008796,
    0.02499790368595916,
    0.015091040013504397,
    0.01041812075669858,
    0.016009150051700408,
    0.025173467844903333,
    0.03803340216372944,
    0.04399002627572597,
    0.05321560865071164,
    0.06383485020655019,
    0.08882271734785958,
    0.08950901898780769,
    0.120196942822169,
    0.11225752561657808,
    0.1287568935942563,
    0.06282955830062158,
    0.05524587381662279,
    0.042117748288436806,
    0.02569910925478168,
    0.018013129118425533
  ],
  "all_fold_coefs": [
    [
      0.07595529582501656,
      0.11890907542922807,
      0.11688820363002439,
      0.10779015356570971,
      0.10170069312412158,
      0.19429262911928155,
      0.13801573998455582,
      0.1505659011121559,
      0.14746689687067743,
      0.14594418556761116,
      0.1300968817537091,
      0.14270769906361824,
      0.128562159020808,
      0.11048550950722599,
      0.08578330333481661,
      0.02903689956097823,
      -0.15296816196800547,
      -0.1181361845036071,
      -0.1040467566344466,
      -0.16692693795911615,
      -0.23655099350618236,
      -0.21777939758975515,
      -0.2947807720733035,
      -0.47481127813767754,
      -0.616401504577787,
      -0.6631179595210666,
      -0.7076914777344133,
      -0.6518496409255281,
      -0.5130151785613272,
      -0.40210398278036513,
      -0.3394641479946224,
      -0.22475383220167805,
      -0.21299378696326315,
      -0.1716036954094911,
      -0.13246174132936905,
      -0.04756776142407209,
      0.04707579647899687,
      0.13022804047241898,
      0.1145428605110235,
      0.03304411867367247,
      0.06786775245444136,
      -0.05690362716997482,
      -0.05765422663307793,
      -0.028497387791541588,
      -0.057915007901543705,
      -0.1713395124125076,
      -0.21849020207099237,
      -0.26517498293104436,
      -0.3395239242348831,
      -0.3457364207063685,
      -0.5246551308519808,
      -1.0012586694878374,
      -1.2557038960124893,
      -1.3802501405622873,
      -1.7608965674335502,
      -1.1990182139970749,
      -0.5276684858581341,
      -0.1828452969586212,
      -0.08879547018453762,
      0.01682287420188793
    ],
    [
      0.05831682507846041,
      0.09521537568770297,
      0.08167795490928076,
      0.08439604639510088,
      0.10518991482769946,
      0.2129163109898996,
      0.1093524588576522,
      0.03252290243167454,
      0.08327386670185204,
      0.10758423958002716,
      0.10042987575091056,
      0.12618803772144355,
      0.12229297830364537,
      0.1187249414927924,
      0.0993409232020447,
      0.05544481299799596,
      -0.16394249232251604,
      -0.10286681903965329,
      -0.057142619950001486,
      -0.1558825217734023,
      -0.22378003030773672,
      -0.17591083918605033,
      -0.24499751505302658,
      -0.34744544066465244,
      -0.43958568073958826,
      -0.5100327438726289,
      -0.5876660763987214,
      -0.514877502893624,
      -0.44746839028607155,
      -0.32687715139629575,
      -0.1687058320216291,
      -0.18042746908963447,
      -0.12389987713615183,
      -0.08985128438923994,
      -0.13099516168662217,
      -0.1033155527245517,
      0.0011167625780426735,
      0.09085241383622113,
      0.06466063015062117,
      0.11257244215535529,
      0.11353512298876994,
      -0.033245582902443796,
      -0.041585890636451774,
      -0.057061764569828845,
      -0.07974414599264315,
      -0.15905629047872896,
      -0.24569635791099184,
      -0.34466934375735003,
      -0.4398101773139361,
      -0.4655967084454673,
      -0.7048434893631309,
      -1.195987079702591,
      -1.400224777951559,
      -1.5163620414595134,
      -1.8803635273554502,
      -1.3747719064022825,
      -0.6562310904279788,
      -0.28028683987476627,
      -0.14930851065613687,
      -0.027057449310127626
    ],
    [
      0.059915947061369275,
      0.09855167299716443,
      0.11458228609603904,
      0.13892804842410056,
      0.11471494620695796,
      0.1702921963875902,
      0.12997752818042113,
      0.12620644383222085,
      0.1188901096692558,
      0.13627661248666106,
      0.10542469974024636,
      0.11431376031500852,
      0.11499114694676736,
      0.1088788147773126,
      0.04669180028602582,
      0.0019691706720555606,
      -0.163105318912066,
      -0.1781229047930651,
      -0.14248322581671946,
      -0.1661127527154684,
      -0.2683000380814907,
      -0.2587491454027228,
      -0.27891876494081835,
      -0.3908745890554749,
      -0.5026208318995059,
      -0.5373672570539646,
      -0.5704501287553532,
      -0.49554265676843245,
      -0.36501276923964815,
      -0.2581193838052224,
      -0.1826487482216285,
      -0.15707460197250755,
      -0.17678931051091054,
      -0.11050264303576511,
      -0.10227993879491638,
      -0.061120640952397234,
      0.0026781802626659737,
      0.0839316295838528,
      0.046751723813670404,
      0.02465277982520788,
      0.07149453557845913,
      -0.03157739656663106,
      -0.0785211329415994,
      -0.0528903272340089,
      -0.10371456726746617,
      -0.2111563648389309,
      -0.31518772358227437,
      -0.37313658078465467,
      -0.46431037998045843,
      -0.48725783427883623,
      -0.7603762311906314,
      -1.2386677446556706,
      -1.5016894997287775,
      -1.6053222487352221,
      -1.8655352584720173,
      -1.3188409999002808,
      -0.6028678785635484,
