{
  "probe": "217_zone_interactions",
  "base_60": 0.8196992434407264,
  "base_std": 0.012221669199647447,
  "3zone_summary": 0.6010007109447575,
  "interactions_3feat": 0.6054099796242138,
  "base_plus_interact": 0.8213219551901337,
  "base_maxvar_120_ref": 0.8225110473766201,
  "base_maxvar_plus_interact": 0.8243280180036555
}